Nick,Data,Komentarz
GoÅ›Ä‡,29.03.2019 22:00,I tak dÅ‚ugo wytrzymaÅ‚a.
GoÅ›Ä‡,29.03.2019 21:59,No w koÅ„cu...
GoÅ›Ä‡,29.03.2019 22:00,"Szkoda, koniec cotygodniowej dramy :D"
GoÅ›Ä‡,29.03.2019 22:00,No to czekamy jaki nastÄ™pny pomysÅ‚ na siebie bÄ™dzie miaÅ‚a ta Pani.
M,29.03.2019 22:00,Nareszcie. WidaÄ‡ Å¼e to nie byÅ‚a jej bajka zestresowana na Maxa.
GoÅ›Ä‡,29.03.2019 22:00,I tak dÅ‚ugo wytrzymaÅ‚a.
GoÅ›Ä‡,29.03.2019 21:59,No w koÅ„cu...
GoÅ›Ä‡,29.03.2019 22:00,"Szkoda, koniec cotygodniowej dramy :D"
GoÅ›Ä‡,29.03.2019 22:00,No to czekamy jaki nastÄ™pny pomysÅ‚ na siebie bÄ™dzie miaÅ‚a ta Pani.
M,29.03.2019 22:00,Nareszcie. WidaÄ‡ Å¼e to nie byÅ‚a jej bajka zestresowana na Maxa.
GoÅ›Ä‡,29.03.2019 21:59,No w koÅ„cu...
GoÅ›Ä‡,29.03.2019 22:00,I tak dÅ‚ugo wytrzymaÅ‚a.
GoÅ›ci ,29.03.2019 22:00,"Eee, szkoda jej :( Powinien odpasc ten misterek"
GoÅ›Ä‡,29.03.2019 22:00,ProszÄ™ o lajka
GoÅ›Ä‡,29.03.2019 22:00,Nie zasnÄ™ z rozpaczy. Piotr
GoÅ›Ä‡,29.03.2019 22:00,I tak dÅ‚ugo wytrzymaÅ‚a.
GoÅ›Ä‡,29.03.2019 21:59,No w koÅ„cu...
GoÅ›Ä‡,29.03.2019 22:00,"Szkoda, koniec cotygodniowej dramy :D"
GoÅ›Ä‡,29.03.2019 22:00,No to czekamy jaki nastÄ™pny pomysÅ‚ na siebie bÄ™dzie miaÅ‚a ta Pani.
M,29.03.2019 22:00,Nareszcie. WidaÄ‡ Å¼e to nie byÅ‚a jej bajka zestresowana na Maxa.
GoÅ›Ä‡,29.03.2019 22:01,BaraÅ„ski to siÄ™ chyba cieszy z koÅ„ca tej tragedii
goÅ›Ä‡,29.03.2019 22:01,W koÅ„cu! ğŸ‘
GoÅ›Ä‡,29.03.2019 22:01,GoÅ›Ä‡: No w koÅ„cu...Chyba ich powalilo na tym polsacie. Jak oni mogli nie przepuscic Justyny? Teraz nikt nie bedzie tego ogladal bo i po co.
GoÅ›Ä‡,29.03.2019 22:01,GoÅ›Ä‡: No w koÅ„cu...Chyba ich powalilo na tym polsacie. Jak oni mogli nie przepuscic Justyny? Teraz nikt nie bedzie tego ogladal bo i po co.
GoÅ›Ä‡,29.03.2019 22:01,Niech zbiera swoje zabawki i wraca do przedszkola
GoÅ›Ä‡,29.03.2019 22:00,I tak dÅ‚ugo wytrzymaÅ‚a.
GoÅ›Ä‡,29.03.2019 21:59,No w koÅ„cu...
GoÅ›Ä‡,29.03.2019 22:00,"Szkoda, koniec cotygodniowej dramy :D"
GoÅ›Ä‡,29.03.2019 22:00,No to czekamy jaki nastÄ™pny pomysÅ‚ na siebie bÄ™dzie miaÅ‚a ta Pani.
M,29.03.2019 22:00,Nareszcie. WidaÄ‡ Å¼e to nie byÅ‚a jej bajka zestresowana na Maxa.
GoÅ›Ä‡,29.03.2019 22:03,Przy tym stole wyglÄ…daÅ‚a jak Gesslerowa. ğŸ˜‚ğŸ˜‚ğŸ˜‚ğŸ˜‚ğŸ˜‚
goÅ›Ä‡,29.03.2019 22:03,"Agnieszka taÅ„czy piÄ™knie, nie pieprzcie, Å¼e jest faworyzowana, bo wyÅ¼sze oceny dostajÄ… Tamara i Joanna. A jest usta sÄ… jej ustami, pilnujcie wÅ‚asnych. :D Jest dorosÅ‚a, moÅ¼e siÄ™ naciÄ…gnÄ…Ä‡ jak gumka od majtek, waÅ¼ne Å¼e ona czuje siÄ™ dobrze we wÅ‚asnym ciele. :)"
Gosiak ,29.03.2019 22:03,"GoÅ›Ä‡: Ta czarna jurorka jest straszna,  to przez niÄ…Nie, to przez brak talentu..!!"
GoÅ›Ä‡,29.03.2019 22:03,"Bez Justy nie ma kogo tam oglÄ…daÄ‡, sry. Vogule Poland zaÅ‚amie siÄ™."
GoÅ›Ä‡,29.03.2019 22:04,Chyba szybciej niÅ¼ Polsat podaliscie te informacje.
GoÅ›Ä‡,29.03.2019 22:00,I tak dÅ‚ugo wytrzymaÅ‚a.
GoÅ›Ä‡,29.03.2019 21:59,No w koÅ„cu...
GoÅ›Ä‡,29.03.2019 22:00,"Szkoda, koniec cotygodniowej dramy :D"
GoÅ›Ä‡,29.03.2019 22:00,No to czekamy jaki nastÄ™pny pomysÅ‚ na siebie bÄ™dzie miaÅ‚a ta Pani.
M,29.03.2019 22:00,Nareszcie. WidaÄ‡ Å¼e to nie byÅ‚a jej bajka zestresowana na Maxa.
GoÅ›Ä‡,29.03.2019 22:08,Najcudowniejszy dzieÅ„!! â˜ºï¸â˜ºï¸â˜ºï¸ W koÅ„cu!
goÅ›Ä‡,29.03.2019 22:08,"GoÅ›Ä‡: I tak dÅ‚ugo wytrzymaÅ‚a.Nie ona wytrzymaÅ‚a , tylko my tak dÅ‚ugo wytrzymalismy !"
GoÅ›Ä‡,29.03.2019 22:08,"Jan: Tamara zatanczyla gorzej niÅ¼ Mazur, a zdobyla tyle punktÃ³w... No, ale byla w szkole dyskryminowana ze wzglÄ™du na kolor skÃ³ry, wiÄ™c pewnie wygra ten program.A ja byÅ‚am dyskryminowana za wzrost ...i pomÃ³gÅ‚ chorej koleÅ¼ance bo ja dyskryminacja objÄ™Å‚a to na mnie siÄ™ zdenerwowano"
GoÅ›Ä‡,29.03.2019 22:09,W koÅ„cu
GoÅ›Ä‡,29.03.2019 22:09,Ja tylko dla niej oglÄ…daÅ‚am ten program. Teraz to bÄ™dzie nuda
GoÅ›Ä‡,29.03.2019 22:00,I tak dÅ‚ugo wytrzymaÅ‚a.
GoÅ›Ä‡,29.03.2019 21:59,No w koÅ„cu...
GoÅ›Ä‡,29.03.2019 22:00,"Szkoda, koniec cotygodniowej dramy :D"
GoÅ›Ä‡,29.03.2019 22:00,No to czekamy jaki nastÄ™pny pomysÅ‚ na siebie bÄ™dzie miaÅ‚a ta Pani.
M,29.03.2019 22:00,Nareszcie. WidaÄ‡ Å¼e to nie byÅ‚a jej bajka zestresowana na Maxa.
GoÅ›Ä‡,29.03.2019 22:15,"Chodilam z niom do klasy , gupia byla jak but"
goÅ›Ä‡,29.03.2019 22:16,NAreszcie ZYLA odpadla ! SUPER!
GoÅ›Ä‡,29.03.2019 22:16,GoÅ›Ä‡: No to nie ma po co tego dalej oglÄ…daÄ‡. Ona byÅ‚a jak 80 % nas. Teraz nie ma na co patrzeÄ‡ bo zygac siÄ™ chce od SEPLENIACEJ RADWAÅƒSKIEJ czy tej caÅ‚ej TamaryNo tak Ona byla i jest taka jak my ...poradziÅ‚a sobie przegrywaÄ‡ teÅ¼ trzeba umieÄ‡ i Ona umie ...z klasÄ…
goÅ›Ä‡,29.03.2019 22:16,"Eee, szkoda jej :( Powinien odpasc ten misterekszkoda byÅ‚oby Lenki :)"
goÅ›Ä‡,29.03.2019 22:16,"Wreszcie ,nareszcie."
GoÅ›Ä‡,29.03.2019 22:00,I tak dÅ‚ugo wytrzymaÅ‚a.
GoÅ›Ä‡,29.03.2019 21:59,No w koÅ„cu...
GoÅ›Ä‡,29.03.2019 22:00,"Szkoda, koniec cotygodniowej dramy :D"
GoÅ›Ä‡,29.03.2019 22:00,No to czekamy jaki nastÄ™pny pomysÅ‚ na siebie bÄ™dzie miaÅ‚a ta Pani.
M,29.03.2019 22:00,Nareszcie. WidaÄ‡ Å¼e to nie byÅ‚a jej bajka zestresowana na Maxa.
GoÅ›Ä‡,29.03.2019 22:20,Nareszcie odpadÅ‚a. Na kogo bÄ™dziemy patrzeÄ‡? I krytykowaÄ‡?  Nie oglÄ…damy. ğŸ˜£
goÅ›Ä‡,29.03.2019 22:20,Nareszcie
GoÅ›Ä‡,29.03.2019 22:20,"GoÅ›Ä‡:GoÅ›Ä‡: Chodilam z niom do klasy , gupia byla jak butAle zdaÅ‚a do nastÄ™pnej w przeciwieÅ„stwie do ciebie tÅ‚ukuI zrobiÅ‚a wiÄ™kszÄ… karierÄ™ niÅ¼ ty ha ha"
GoÅ›Ä‡,29.03.2019 22:21,GoÅ›Ä‡: I tak dÅ‚ugo wytrzymaÅ‚a.Raczej dlugo ja trzymali
GoÅ›Ä‡,29.03.2019 22:21,"WywaliÄ‡ pawlowic,  to przez niÄ…"
GoÅ›Ä‡,29.03.2019 22:00,I tak dÅ‚ugo wytrzymaÅ‚a.
GoÅ›Ä‡,29.03.2019 21:59,No w koÅ„cu...
GoÅ›Ä‡,29.03.2019 22:00,"Szkoda, koniec cotygodniowej dramy :D"
GoÅ›Ä‡,29.03.2019 22:00,No to czekamy jaki nastÄ™pny pomysÅ‚ na siebie bÄ™dzie miaÅ‚a ta Pani.
M,29.03.2019 22:00,Nareszcie. WidaÄ‡ Å¼e to nie byÅ‚a jej bajka zestresowana na Maxa.
GoÅ›Ä‡,29.03.2019 22:26,"Dla mnie to ta niewidoma jest czarnym koniem,....tegoÅ¼ programu."
goÅ›Ä‡,29.03.2019 22:26,"Papa Justyna, moÅ¼esz wracaÄ‡ do WisÅ‚y."
xxxx,29.03.2019 22:26,pawÅ‚owicz to maÅ‚pa czarna tak bezczelnie ocenia i nie sprawiedliwie
GoÅ›Ä‡,29.03.2019 22:27,Macademian girl jest super
goÅ›Ä‡,29.03.2019 22:27,Powinna odpaÅ›Ä‡ w pierwszym odcinku! A RadwaÅ„ska jeszcze jest? Dziwne.
GoÅ›Ä‡,29.03.2019 22:00,I tak dÅ‚ugo wytrzymaÅ‚a.
GoÅ›Ä‡,29.03.2019 21:59,No w koÅ„cu...
GoÅ›Ä‡,29.03.2019 22:00,"Szkoda, koniec cotygodniowej dramy :D"
GoÅ›Ä‡,29.03.2019 22:00,No to czekamy jaki nastÄ™pny pomysÅ‚ na siebie bÄ™dzie miaÅ‚a ta Pani.
M,29.03.2019 22:00,Nareszcie. WidaÄ‡ Å¼e to nie byÅ‚a jej bajka zestresowana na Maxa.
goÅ›Ä‡,29.03.2019 22:37,"Teraz musicie znalezc nowego KOZLA OFIARNEGO hejterzy,bo wy nie mozecie zyc,zeby komus nie dokopac,"
goÅ›Ä‡,29.03.2019 22:38,Wkoncu
GoÅ›Ä‡,29.03.2019 22:38,"NiemoÅ¼liwe!!! PrzecieÅ¼ wczeÅ›niejsze gÅ‚osowania sugerowaÅ‚y, Å¼e mimo wszystko wygra ten program"
goÅ›Ä‡,29.03.2019 22:39,Przynajmniej bÄ™dzie mieÄ‡ Å‚atwo w Å¼yciu bo jest wobec siebie bezkrytyczna. Bierze co jej dajÄ… mimo braku umiejÄ™tnoÅ›ci i charyzmy. Inny czÅ‚owiek miaÅ‚by opory i poczucie obciachu.
goÅ›Ä‡,29.03.2019 22:39,"goÅ›Ä‡:GoÅ›Ä‡: Drygu do taÅ„ca brak,....jak ona tak funkcjonuje na co dzieÅ„ w swoim Å¼yciu,to niedziwmy siÄ™ ,ze rozwÃ³d byÅ‚ potrzebny....Czyzby taka ciamajda ....bez znanego mÄ™Å¼a z ktÃ³rego cienia juz wyszÅ‚a szuka na siÅ‚Ä™ punktu zaczepienia....trochÄ™ to irytujace...teraz szuka pomysÅ‚u na siebie,...bo zaleÅ¼noÅ›Ä‡ finansowa ktÃ³ra miaÅ‚a....inna jej zabraÅ‚a ???????.sÅ‚abe sa takie kobiety kiedy juz zostajÄ… z dzieÄ‡mi same,..bo wie ,Å¼e spiac i ogarnÄ…Ä‡ musi siÄ™ bez gwarantowanej jak dotychczas pÅ‚ynnoÅ›ci finansowej kiedy wydawaÅ‚o sie kasÄ™ mezusia,...rozczaruje cie,ma juz nowy program hehe i reklameSuper, bo p.Justyna bardziej do reklam bÄ™dzie siÄ™ nadawaÅ‚a niÅ¼ ten obÅ‚udnik Piotr."
GoÅ›Ä‡,29.03.2019 22:00,I tak dÅ‚ugo wytrzymaÅ‚a.
GoÅ›Ä‡,29.03.2019 21:59,No w koÅ„cu...
GoÅ›Ä‡,29.03.2019 22:00,"Szkoda, koniec cotygodniowej dramy :D"
GoÅ›Ä‡,29.03.2019 22:00,No to czekamy jaki nastÄ™pny pomysÅ‚ na siebie bÄ™dzie miaÅ‚a ta Pani.
M,29.03.2019 22:00,Nareszcie. WidaÄ‡ Å¼e to nie byÅ‚a jej bajka zestresowana na Maxa.
GoÅ›Ä‡,29.03.2019 22:50,Najladniej taÅ„czy Joanna i Tamara.Reszta to trochÄ™ tlo.
GoÅ›Ä‡,29.03.2019 22:51,"W koÅ„cu,szkoda tylko Tomka BaraÅ„skiego"
goÅ›Ä‡,29.03.2019 22:51,"GoÅ›Ä‡:goÅ›Ä‡:GoÅ›Ä‡: No w koÅ„cu...Pan Tomasz odetchnie ;))Tomek taki fajny zdolny facec a jak za kare mu taka panne nikt dali i to koÅ‚ka drewnianego..to taki super tancerz..dajvie mu jakÄ…Å› gwiazde nastepnym razem, zeby sie mogl wykazac !nie 1 raz on w tym programie tanczy i jakos z zadna nie wygral,czyzby tamte tez byly drewna???"
goÅ›Ä‡,29.03.2019 22:52,O wiele za pÃ³Åºno.
Å»al mi starszej pani Pavl,29.03.2019 22:52,PaniPawkowi
GoÅ›Ä‡,29.03.2019 22:00,I tak dÅ‚ugo wytrzymaÅ‚a.
GoÅ›Ä‡,29.03.2019 21:59,No w koÅ„cu...
GoÅ›Ä‡,29.03.2019 22:00,"Szkoda, koniec cotygodniowej dramy :D"
GoÅ›Ä‡,29.03.2019 22:00,No to czekamy jaki nastÄ™pny pomysÅ‚ na siebie bÄ™dzie miaÅ‚a ta Pani.
M,29.03.2019 22:00,Nareszcie. WidaÄ‡ Å¼e to nie byÅ‚a jej bajka zestresowana na Maxa.
GoÅ›Ä‡,29.03.2019 23:03,"GoÅ›Ä‡: I tak dÅ‚ugo wytrzymaÅ‚a.Ale dwa razy popuÅ›ciÅ‚a, raz w kiblu raz na scenie kleksa"
goÅ›Ä‡,29.03.2019 23:04,"GoÅ›Ä‡: W koÅ„cu,szkoda tylko Tomka BaraÅ„skiegoBardziej bÄ™dzie rozpoznawalny niÅ¼ dotychczas i kto wie moÅ¼e mu to zaprocentowaÄ‡ ."
GoÅ›Ä‡,29.03.2019 23:04,"GoÅ›Ä‡: Kuczaj przyznaÅ‚ sie, Å¼e jest gejem czy jeszcze nie?Czeka na moment kiedy opowie o trudnym dzieciÅ„stwie itd"
goÅ›Ä‡,29.03.2019 23:04,"GoÅ›Ä‡: Ona nie byÅ‚a z tego Å›wiat ale moim zdaniem daÅ‚a radÄ™.. Tylko szkoda Å¼e nie umiaÅ‚a wyluzowac byÅ‚a za bardzo spietajaka miala byc jak wszyscy zamiast ja wspierac kibicowac to warczeli jak wsciekle psy na nia,"
GoÅ›Ä‡,29.03.2019 23:04,Nareszcie.
GoÅ›Ä‡,29.03.2019 22:00,I tak dÅ‚ugo wytrzymaÅ‚a.
GoÅ›Ä‡,29.03.2019 21:59,No w koÅ„cu...
GoÅ›Ä‡,29.03.2019 22:00,"Szkoda, koniec cotygodniowej dramy :D"
GoÅ›Ä‡,29.03.2019 22:00,No to czekamy jaki nastÄ™pny pomysÅ‚ na siebie bÄ™dzie miaÅ‚a ta Pani.
M,29.03.2019 22:00,Nareszcie. WidaÄ‡ Å¼e to nie byÅ‚a jej bajka zestresowana na Maxa.
goÅ›Ä‡zzzz,29.03.2019 23:18,Nareszcie!! Bogu dzieki ğŸ¥´
goÅ›Ä‡zzzz,29.03.2019 23:20,Ale w sumie to teraz bedzie nudno bez tej nogi totalnej
GoÅ›Ä‡,29.03.2019 23:21,Wkoncu wielki czas
GoÅ›Ä‡,29.03.2019 23:21,"Eee, szkoda jej :( Powinien odpasc ten misterekPan przynajmniej nie pomyliÅ‚a rytmu i krokÃ³w i co jak co to w tym odcinku byk czas na tego chÅ‚opaka ktÃ³rego imienia nie pamietam."
GoÅ›Ä‡,29.03.2019 23:22,Uff
GoÅ›Ä‡,29.03.2019 22:00,I tak dÅ‚ugo wytrzymaÅ‚a.
GoÅ›Ä‡,29.03.2019 21:59,No w koÅ„cu...
GoÅ›Ä‡,29.03.2019 22:00,"Szkoda, koniec cotygodniowej dramy :D"
GoÅ›Ä‡,29.03.2019 22:00,No to czekamy jaki nastÄ™pny pomysÅ‚ na siebie bÄ™dzie miaÅ‚a ta Pani.
M,29.03.2019 22:00,Nareszcie. WidaÄ‡ Å¼e to nie byÅ‚a jej bajka zestresowana na Maxa.
GoÅ›Ä‡,29.03.2019 23:46,"GoÅ›Ä‡: Kuczaj przyznaÅ‚ sie, Å¼e jest gejem czy jeszcze nie?A jakie to ma znaczenie niby?"
goÅ›Ä‡,29.03.2019 23:46,nareszcie...
GoÅ›Ä‡,29.03.2019 23:47,No wkoncu.I tak za dÅ‚ugo tam byÅ‚a
GoÅ›Ä‡,29.03.2019 23:50,OdpadÅ‚a tylko dlatego Å¼e widzowie zaczÄ™li marudziÄ‡
goÅ›Ä‡,29.03.2019 23:55,"GoÅ›Ä‡:GoÅ›Ä‡: Kuczaj przyznaÅ‚ sie, Å¼e jest gejem czy jeszcze nie?A jakie to ma znaczenie niby?przed kim siÄ™ miaÅ‚ przyznaÄ‡ przed takim zerem jak ty???? Zainteresowani nim konkretnie samce dawno wiedzÄ… Å¼e to gej."
GoÅ›Ä‡,29.03.2019 22:00,I tak dÅ‚ugo wytrzymaÅ‚a.
GoÅ›Ä‡,29.03.2019 21:59,No w koÅ„cu...
GoÅ›Ä‡,29.03.2019 22:00,"Szkoda, koniec cotygodniowej dramy :D"
GoÅ›Ä‡,29.03.2019 22:00,No to czekamy jaki nastÄ™pny pomysÅ‚ na siebie bÄ™dzie miaÅ‚a ta Pani.
M,29.03.2019 22:00,Nareszcie. WidaÄ‡ Å¼e to nie byÅ‚a jej bajka zestresowana na Maxa.
GoÅ›Ä‡,30.03.2019 00:27,goÅ›Ä‡: Å¼egnaj gienia Å›wiat siÄ™ zmienia lecz nie ty  pa pa pa goodbyeI jak sie swiat nie zmieni to strzel patelnie Gieni.
hahahah,30.03.2019 00:28,jak pieknie
goÅ›Ä‡,30.03.2019 00:28,OglÄ…daÅ‚am dla Justyny
GoÅ›Ä‡,30.03.2019 00:28,GoÅ›Ä‡: Chyba szybciej niÅ¼ Polsat podaliscie te informacje.DokÅ‚adnie. Bardzo to dziwne ğŸ¤”
Dadir,30.03.2019 00:29,"Teraz przed Å¼yÅ‚Ä… program ""Gwiazdki ""  obciÄ…gajÄ… na MAXA"
GoÅ›Ä‡,29.03.2019 22:00,I tak dÅ‚ugo wytrzymaÅ‚a.
GoÅ›Ä‡,29.03.2019 21:59,No w koÅ„cu...
GoÅ›Ä‡,29.03.2019 22:00,"Szkoda, koniec cotygodniowej dramy :D"
GoÅ›Ä‡,29.03.2019 22:00,No to czekamy jaki nastÄ™pny pomysÅ‚ na siebie bÄ™dzie miaÅ‚a ta Pani.
M,29.03.2019 22:00,Nareszcie. WidaÄ‡ Å¼e to nie byÅ‚a jej bajka zestresowana na Maxa.
goÅ›Ä‡,30.03.2019 01:14,Yay w koÅ„cu ğŸ˜‚ğŸ˜‚ğŸ˜‚
goÅ›Ä‡,30.03.2019 01:19,goÅ›Ä‡: Super do niczego sie nie nadaje zendaza to ty tylko do hejtowania sie nadajesz
GoÅ›Ä‡Apostazy ,30.03.2019 01:25,Niiiieeeeeeeeee
GoÅ›Ä‡,30.03.2019 01:25,kto i dlaczego trzymal te nieudacznice a wogule kto i zaile wziol tocos do programu bo niby jest gwiazda polska z chodzi na psy przez polsatowych lapaczy gwiazd kochani niewysylajciesms do tego polsatu bo to sciema robia co chca nielicza sie z wami tylko kase z sms trzepia to jest wyludzanie kasy
goÅ›Ä‡,30.03.2019 01:28,"Zdecydowanie za pÃ³Åºno, odpadali lepsi od niej"
GoÅ›Ä‡,29.03.2019 22:00,I tak dÅ‚ugo wytrzymaÅ‚a.
GoÅ›Ä‡,29.03.2019 21:59,No w koÅ„cu...
GoÅ›Ä‡,29.03.2019 22:00,"Szkoda, koniec cotygodniowej dramy :D"
GoÅ›Ä‡,29.03.2019 22:00,No to czekamy jaki nastÄ™pny pomysÅ‚ na siebie bÄ™dzie miaÅ‚a ta Pani.
M,29.03.2019 22:00,Nareszcie. WidaÄ‡ Å¼e to nie byÅ‚a jej bajka zestresowana na Maxa.
fryc,30.03.2019 04:47,Zrozumiala ze do niczego sie nie nadaje.Czas wracac do domu i zajac sie dziecmi.Jest tempa w kazdej dziedzinie .
goÅ›Ä‡,30.03.2019 04:48,SzkooodağŸ™„ğŸ™„ğŸ™„ğŸ˜•ğŸ˜•ğŸ˜•ğŸ˜•
fryc,30.03.2019 04:49,Zrozumiala ze do niczego sie nie nadaje.Czas wracac do domu i zajac sie dziecmi.Jest tempa w kazdej dziedzinie .
GoÅ›Ä‡,30.03.2019 04:52,I do garÃ³w justynko dawno takiej Å¼enady nie oglÄ…daÅ‚em.
przecieÅ¼ ,30.03.2019 05:04,trzeba byÄ‡ szczerym jak ktoÅ› jest sztywny w taÅ„cu to niby czemu mu lukrowaÄ‡ Zawsze mÃ³wiÄ‡ tak jak jest
GoÅ›Ä‡,29.03.2019 22:00,I tak dÅ‚ugo wytrzymaÅ‚a.
GoÅ›Ä‡,29.03.2019 21:59,No w koÅ„cu...
GoÅ›Ä‡,29.03.2019 22:00,"Szkoda, koniec cotygodniowej dramy :D"
GoÅ›Ä‡,29.03.2019 22:00,No to czekamy jaki nastÄ™pny pomysÅ‚ na siebie bÄ™dzie miaÅ‚a ta Pani.
M,29.03.2019 22:00,Nareszcie. WidaÄ‡ Å¼e to nie byÅ‚a jej bajka zestresowana na Maxa.
goÅ›Ä‡,30.03.2019 06:54,"tylko dla niej oglÄ…daÅ‚am ten program ! Dalej to bÄ™dzie juÅ¼ tylko nuda, nuda i spadek oglÄ…dalnoÅ›ci"
goÅ›Ä‡,30.03.2019 06:55,niech sprawdzÄ… jak im spadnie oglÄ…dalnoÅ›Ä‡
goÅ›Ä‡,30.03.2019 06:55,"goÅ›Ä‡:goÅ›Ä‡: Na poczÄ…tku powinna odpaÅ›Ä‡ nie nadawaÅ‚a siÄ™ do tego programu trochÄ™ dla siebie samokrytykiGdyby odpadla na poczatku, to nie zobaczylibysmy jak sie nauczyla.A chyba na tym powinnien polegac ten program? Wczoraj tanczyla ladnie.mylicie choreografie z technika taÅ„ca ,Iwona ocenia technikÄ™ i tu byÅ‚o nadal fatalnie"
GoÅ›Ä‡,30.03.2019 06:57,Teraz tylko krowy dojc i w pole
GoÅ›Ä‡,30.03.2019 07:00,Wreszcie Å¼enada roku odpadÅ‚a
GoÅ›Ä‡,29.03.2019 22:00,I tak dÅ‚ugo wytrzymaÅ‚a.
GoÅ›Ä‡,29.03.2019 21:59,No w koÅ„cu...
GoÅ›Ä‡,29.03.2019 22:00,"Szkoda, koniec cotygodniowej dramy :D"
GoÅ›Ä‡,29.03.2019 22:00,No to czekamy jaki nastÄ™pny pomysÅ‚ na siebie bÄ™dzie miaÅ‚a ta Pani.
M,29.03.2019 22:00,Nareszcie. WidaÄ‡ Å¼e to nie byÅ‚a jej bajka zestresowana na Maxa.
Autor vidmo,30.03.2019 08:12,At last!!!!!!!
goÅ›Ä‡,30.03.2019 08:12,"Pani Iwono dziÄ™kujÄ™, Å¼e postÄ…piÅ‚a Pani zgodnie ze swoja wiedzÄ… i zasadami i nie przyczyniÅ‚a siÄ™ Pani do  kretaczenia aby gloryfikowaÄ‡ tÄ™   miernotÄ™ Å¼yÅ‚owej. CaÅ‚e szczÄ™Å›cie, Å¼e Å¼enada 2019 roku zakoÅ„czona jupiiiii!"
GoÅ›Ä‡,30.03.2019 08:15,To juÅ¼ nie ma po co oglÄ…daÄ‡ ;(
GoÅ›Ä‡,30.03.2019 08:15,"goÅ›Ä‡: Nie bÄ™dziemy tÄ™skniÄ‡ za nastÄ™pnymi odcinkami TzG, bo nie bÄ™dzie juÅ¼ p.Justyny i p.Tomka. Nie bedziemy oglÄ…dÄ…Ä‡.. Czarna Mamba  powinna zniknÄ…Ä‡ z tego programu. MoÅ¼e wtedy wrÃ³ci p.Malitowski. 
 BÄ™dziemy,  gdzie sie tylko da wspieraÄ‡  duchowo p.JustynÄ™. Trzymaj siÄ™ dziewczyno !!! Nie oglÄ…daj siÄ™ wstecz, a na ataki Å¼mijowego gniazda nie reaguj! Oni dostanÄ… od Å¼ycia zapÅ‚atÄ™ za to co Tobie zrobili. Ty ich nie krzywdziÅ‚aÅ› - to oni Ciebie i dzieci. RÃ³b swoje dla siebie i dzieci!!!Co za wariacki komentarz ğŸ˜ğŸ˜"
GoÅ›Ä‡,30.03.2019 08:36,Justyna jest bardzo miÅ‚a i kobieca aÅ¼ dziwne Å¼e facet oddzedÅ‚.
GoÅ›Ä‡,29.03.2019 22:00,I tak dÅ‚ugo wytrzymaÅ‚a.
GoÅ›Ä‡,29.03.2019 21:59,No w koÅ„cu...
GoÅ›Ä‡,29.03.2019 22:00,"Szkoda, koniec cotygodniowej dramy :D"
GoÅ›Ä‡,29.03.2019 22:00,No to czekamy jaki nastÄ™pny pomysÅ‚ na siebie bÄ™dzie miaÅ‚a ta Pani.
M,29.03.2019 22:00,Nareszcie. WidaÄ‡ Å¼e to nie byÅ‚a jej bajka zestresowana na Maxa.
GoÅ›Ä‡,30.03.2019 09:04,MÃ³j komentarz jest 5 :DTo twÃ³j Å¼yciowy sukces?
goÅ›Ä‡,30.03.2019 09:05,Nareszcie!!!!
GoÅ›Ä‡,30.03.2019 09:06,goÅ›Ä‡: Kto gÅ‚osuje na Kucnera?!Ja ;)
goÅ›Ä‡,30.03.2019 09:10,nie ogladam
goÅ›Ä‡,30.03.2019 09:11,"ona zupeÅ‚nie nie umie taÅ„czyÄ‡ i sama siÄ™ mÄ™czyÅ‚a ,"
GoÅ›Ä‡,29.03.2019 22:00,I tak dÅ‚ugo wytrzymaÅ‚a.
GoÅ›Ä‡,29.03.2019 21:59,No w koÅ„cu...
GoÅ›Ä‡,29.03.2019 22:00,"Szkoda, koniec cotygodniowej dramy :D"
GoÅ›Ä‡,29.03.2019 22:00,No to czekamy jaki nastÄ™pny pomysÅ‚ na siebie bÄ™dzie miaÅ‚a ta Pani.
M,29.03.2019 22:00,Nareszcie. WidaÄ‡ Å¼e to nie byÅ‚a jej bajka zestresowana na Maxa.
GoÅ›Ä‡,30.03.2019 09:52,Teraz oglÄ…dalnoÅ›Ä‡ poleci na Å‚eb :P
goÅ›Ä‡,30.03.2019 09:52,goÅ›Ä‡: Nie wiem dlaczego Justyna odpadÅ‚a. jak tam inne osoby byÅ‚ do odpadniecia. UWZIELI SIE NA  NIEJ. Ten z ta kocicÄ…  o wiele gorszy. Co tam robi ta RadwaÅ„ska.Ja  juz nie ogladam tego To najbardziej niesprawiedliwy program . Ta Iwona powinna teÅ¼ spiepszaÄ‡ z niego. Ona nie jest sprawiedliwa.Jak moze byÄ‡ sprawiedliwy ktoÅ› taki jak Iwona co rozwaliÅ‚a swoje i cudze maÅ‚Å¼eÅ„stwo. Zakochana w sobie stara pu.....ca.
Madziaaa,30.03.2019 09:52,ja siÄ™ zastanawiam czemu wogole ona zostaÅ‚a zaproszona do tego programu..  jako kto? byÅ‚a zona skoczka? a ja jestem Å¼onÄ… hydraulika i co moÅ¼e teÅ¼ tam zataÅ„cze? ğŸ˜…
goÅ›Ä‡,30.03.2019 09:54,"goÅ›Ä‡:goÅ›Ä‡:goÅ›Ä‡: Szkoda . OglÄ…daÄ‡ nie bÄ™dÄ™ .Masz racjÄ™. Szkoda, bo byli gorsi od niej. Nie wrÃ³Å¼yÅ‚am jej zwyciÄ™stwa, ale jeszcze ze dwa odcinki. Mamba siÄ™ cieszy pewnie, Å¼e taka ""genialna"", ale przejedzie siÄ™, bo czeka jÄ… koniec kariery w telewizji. Niech idzie do  swojej wsi, Ä‡wiczyÄ‡ seniorÃ³w, ale wÄ…tpiÄ™ czy przybÄ™dzie jej chÄ™tnych. WykazaÅ‚a siÄ™, Å¼e ma charakter macochy zakochanej w sobie!!A kto byÅ‚ gorszy od Justyny? We wszystkich edycjach nie byÅ‚o takiej tanecznej miernoty!Inne programy oglÄ…daliÅ›my widocznie, albo sÅ‚abe okularki miaÅ‚aÅ›."
GoÅ›Ä‡,30.03.2019 09:56,"Inaczej bÄ™dzie taÅ„czyÄ‡ aktorprzygotowujacy siÄ™ od dziecka.Balettaniec itp ,a inaczej gospodyni domowa.Ja tak chodziÅ‚am na jÄ™zyk angielski dla poczÄ…tkujÄ…cych, a ze mnÄ… ludzie uczÄ…cy siÄ™ jÄ™zyka w liceum i na studiach.
Efekt wiadomy."
